latitude,longitude,datetime,Wildfire,pr,rmax,rmin,sph,srad,tmmn,tmmx,vs,bi,fm100,fm1000,erc,etr,pet,vpd
39.8561699990717,-120.3316,2014-07-10,No,0.0,55.6,16.2,0.00618,344.3,284.3,303.8,2.3,59.0,6.0,5.9,87.0,8.3,6.6,2.03
39.8561699990717,-120.3316,2014-07-11,No,0.0,55.7,18.6,0.00615,277.0,284.2,301.7,3.7,69.0,6.1,5.9,86.0,8.8,6.5,1.79
39.8561699990717,-120.3316,2014-07-12,No,0.0,62.3,16.2,0.00677,332.2,284.0,305.3,2.3,59.0,6.3,6.0,87.0,8.5,6.6,2.15
39.8561699990717,-120.3316,2014-07-13,No,0.0,53.3,13.4,0.00652,338.0,285.8,307.4,2.5,62.0,6.1,6.0,87.0,9.5,7.2,2.56
39.8561699990717,-120.3316,2014-07-14,No,0.0,48.3,12.1,0.00617,333.8,286.4,307.8,3.2,70.0,5.8,6.1,88.0,10.7,7.9,2.7
39.8561699990717,-120.3316,2014-07-15,No,0.0,49.4,14.8,0.00648,289.8,286.8,305.9,4.3,77.0,5.8,6.0,87.0,11.0,7.8,2.39
39.8561699990717,-120.3316,2014-07-16,No,0.0,60.5,20.0,0.00772,291.2,286.5,304.5,4.6,77.0,6.1,6.0,85.0,10.4,7.5,2.03
39.8561699990717,-120.3316,2014-07-17,No,4.4,64.7,19.0,0.0074,260.5,284.8,304.6,2.8,0.0,8.0,6.5,61.0,8.1,6.1,2.0
39.8561699990717,-120.3316,2014-07-18,No,2.2,68.6,20.3,0.00786,319.6,284.9,304.6,1.7,0.0,8.7,6.8,59.0,7.2,5.9,1.94
39.8561699990717,-120.3316,2014-07-19,No,0.0,58.9,17.3,0.00707,321.1,285.5,305.1,2.7,58.0,8.0,6.8,80.0,8.8,6.8,2.15
39.8561699990717,-120.3316,2014-07-20,No,1.6,65.2,28.1,0.00716,235.8,284.2,298.2,4.5,0.0,8.6,7.2,57.0,7.7,5.6,1.29
39.8561699990717,-120.3316,2014-07-21,No,5.0,83.3,34.9,0.00815,221.3,282.6,297.2,4.6,0.0,11.1,8.0,50.0,6.5,4.8,0.98
39.8561699990717,-120.3316,2014-07-22,No,0.0,88.6,30.8,0.00828,253.4,281.9,299.3,2.7,48.0,11.3,8.2,65.0,6.1,4.8,1.14
39.8561699990717,-120.3316,2014-07-23,No,0.0,63.3,18.7,0.00559,328.0,281.0,300.0,4.7,67.0,10.0,8.2,70.0,9.6,6.9,1.55
39.8561699990717,-120.3316,2014-07-24,No,0.0,54.6,13.2,0.00467,339.2,280.4,301.8,4.1,67.0,8.7,8.0,74.0,10.1,7.3,1.85
39.8561699990717,-120.3316,2014-07-25,No,0.0,41.9,9.9,0.0039,336.6,281.5,302.5,2.8,60.0,7.5,7.9,78.0,9.1,6.8,2.08
39.8561699990717,-120.3316,2014-07-26,No,0.0,34.3,7.4,0.00356,331.4,283.0,304.5,2.7,61.0,6.3,7.8,81.0,9.4,6.9,2.43
39.8561699990717,-120.3316,2014-07-27,No,0.0,31.6,7.7,0.00372,219.5,284.8,304.8,3.4,68.0,5.5,7.6,82.0,9.7,6.7,2.52
39.8561699990717,-120.3316,2014-07-28,No,0.0,34.8,10.4,0.00441,268.7,286.0,304.0,3.6,70.0,5.2,7.3,84.0,10.0,7.0,2.38
39.8561699990717,-120.3316,2014-07-29,No,0.0,46.2,17.5,0.00607,224.1,286.8,302.3,2.3,55.0,5.4,7.3,81.0,7.0,5.2,1.99
39.8561699990717,-120.3316,2014-07-30,No,0.9,60.8,18.7,0.00634,254.1,283.4,302.1,2.3,0.0,6.2,7.3,61.0,7.0,5.3,1.77
39.8561699990717,-120.3316,2014-07-31,No,0.0,68.6,20.3,0.00683,259.5,282.8,302.2,1.8,49.0,6.7,7.3,79.0,6.2,5.0,1.69
39.8561699990717,-120.3316,2014-08-01,No,0.0,61.0,15.9,0.00627,299.5,283.9,303.9,2.7,59.0,6.7,7.3,81.0,8.3,6.3,2.02
39.8561699990717,-120.3316,2014-08-02,No,0.0,47.5,10.7,0.0048,315.1,283.8,304.5,3.9,72.0,6.3,7.3,82.0,10.6,7.6,2.3
39.8561699990717,-120.3316,2014-08-03,No,0.0,42.5,12.8,0.0047,285.1,285.2,301.9,3.9,71.0,5.9,7.2,82.0,9.8,6.9,2.04
39.8561699990717,-120.3316,2014-08-04,No,14.0,82.2,43.1,0.00676,149.5,280.5,290.9,1.8,0.0,11.3,8.6,47.0,3.3,2.7,0.61
39.8561699990717,-120.3316,2014-08-05,No,16.3,100.0,75.6,0.00918,114.7,280.7,287.5,2.7,0.0,16.7,10.3,33.0,1.8,1.6,0.09
39.8561699990717,-120.3316,2014-08-06,No,2.1,100.0,43.1,0.00917,209.0,282.0,295.8,2.4,0.0,17.0,10.9,34.0,4.4,3.6,0.7
39.8561699990717,-120.3316,2014-08-07,No,0.0,88.1,24.8,0.00751,294.9,281.1,300.7,2.9,41.0,15.3,11.0,51.0,7.1,5.5,1.36
39.8561699990717,-120.3316,2014-08-08,No,0.0,66.7,19.7,0.00632,298.5,282.7,301.0,1.9,38.0,12.9,11.0,55.0,6.6,5.3,1.62
39.8561699990717,-120.3316,2014-08-09,No,0.0,62.3,15.5,0.0055,300.8,281.7,302.1,3.1,47.0,11.0,11.1,58.0,8.4,6.2,1.81
39.8561699990717,-120.3316,2014-08-10,No,1.8,62.4,19.1,0.00638,256.5,283.9,301.7,3.3,0.0,10.5,11.3,42.0,8.0,5.9,1.73
39.8561699990717,-120.3316,2014-08-11,No,0.0,68.8,21.7,0.00639,253.7,282.4,299.9,2.3,42.0,9.7,10.9,59.0,6.4,4.9,1.48
39.8561699990717,-120.3316,2014-08-12,No,0.0,75.0,28.0,0.00692,279.4,282.3,297.5,4.8,57.0,9.7,10.5,60.0,7.7,5.6,1.17
39.8561699990717,-120.3316,2014-08-13,No,0.0,70.0,26.8,0.00582,298.8,280.7,295.3,5.5,64.0,9.4,10.4,61.0,7.9,5.7,1.07
39.8561699990717,-120.3316,2014-08-14,No,0.0,88.6,25.9,0.00641,300.6,278.6,297.4,4.4,56.0,10.2,10.5,60.0,7.4,5.5,1.1
39.8561699990717,-120.3316,2014-08-15,No,0.0,67.3,18.5,0.00561,298.9,280.8,299.9,4.1,56.0,9.4,10.5,62.0,8.6,6.2,1.53
39.8561699990717,-120.3316,2014-08-16,No,0.0,56.3,12.3,0.00472,303.1,280.9,302.5,2.8,50.0,8.5,10.5,65.0,8.3,6.1,1.94
39.8561699990717,-120.3316,2014-08-17,No,0.0,49.2,9.9,0.00391,298.9,280.1,302.0,3.2,55.0,7.5,10.4,67.0,8.9,6.4,1.97
39.8561699990717,-120.3316,2014-08-18,No,0.0,46.8,9.4,0.00368,301.1,280.0,301.7,3.6,61.0,6.8,10.0,70.0,9.4,6.7,1.96
39.8561699990717,-120.3316,2014-08-19,No,0.0,52.6,13.4,0.00474,293.4,282.0,301.4,4.2,65.0,6.6,9.5,71.0,9.6,6.7,1.85
39.8561699990717,-120.3316,2014-08-20,No,0.0,67.9,18.2,0.00561,290.0,280.6,300.1,4.6,66.0,7.0,9.4,70.0,9.0,6.4,1.54
39.8561699990717,-120.3316,2014-08-21,No,0.0,75.0,20.9,0.00612,287.5,280.4,299.7,4.7,66.0,7.7,9.4,69.0,8.6,6.2,1.42
39.8561699990717,-120.3316,2014-08-22,No,0.0,73.7,23.6,0.00584,291.6,280.0,297.2,5.2,67.0,8.2,9.4,67.0,8.2,5.8,1.2
39.8561699990717,-120.3316,2014-08-23,No,0.0,63.1,16.1,0.0046,291.1,278.8,298.4,2.8,53.0,7.9,9.5,69.0,7.1,5.3,1.45
39.8561699990717,-120.3316,2014-08-24,No,0.0,45.2,10.1,0.00354,290.7,280.0,300.0,3.1,58.0,7.1,9.4,72.0,8.2,5.9,1.79
39.8561699990717,-120.3316,2014-08-25,No,1.7,63.0,19.0,0.00479,274.7,279.4,296.9,3.8,0.0,7.9,9.4,51.0,7.5,5.4,1.3
39.8561699990717,-120.3316,2014-08-26,No,0.0,65.2,17.1,0.00484,280.9,279.1,298.5,3.0,55.0,7.8,9.2,70.0,7.2,5.3,1.43
39.8561699990717,-120.3316,2014-08-27,No,0.0,51.4,10.8,0.00428,282.7,280.8,302.5,2.1,51.0,7.3,9.0,73.0,7.1,5.3,2.0
39.8561699990717,-120.3316,2014-08-28,No,0.0,50.6,11.4,0.0047,280.6,282.5,303.5,1.4,46.0,6.9,8.8,74.0,6.0,4.8,2.12
39.8561699990717,-120.3316,2014-08-29,No,0.0,57.5,17.0,0.00521,247.8,282.0,299.9,4.5,67.0,6.9,8.8,73.0,8.7,6.1,1.62
39.8561699990717,-120.3316,2014-08-30,No,0.0,53.0,15.0,0.0045,272.9,281.1,299.0,5.2,74.0,6.8,8.8,74.0,9.5,6.5,1.6
39.8561699990717,-120.3316,2014-08-31,No,0.0,50.7,12.0,0.00385,277.7,279.5,299.4,3.4,62.0,6.6,8.8,75.0,8.1,5.7,1.67
39.8561699990717,-120.3316,2014-09-01,No,0.0,58.5,11.2,0.00449,269.9,280.1,303.0,3.8,66.0,6.6,8.5,76.0,9.3,6.5,2.0
39.8561699990717,-120.3316,2014-09-02,No,0.0,50.6,10.4,0.00418,269.6,281.3,302.6,3.2,63.0,6.5,8.3,78.0,8.6,6.0,2.04
39.8561699990717,-120.3316,2014-09-03,No,0.0,50.0,10.1,0.00378,271.2,280.0,301.3,3.6,67.0,6.3,8.2,79.0,8.8,6.1,1.89
39.8561699990717,-120.3316,2014-09-04,No,0.0,38.4,7.9,0.00272,270.2,279.3,298.7,5.7,87.0,5.8,8.0,81.0,10.7,7.1,1.75
39.8561699990717,-120.3316,2014-09-05,No,0.0,30.6,4.8,0.00223,268.5,280.0,300.4,4.2,78.0,5.1,7.8,84.0,9.8,6.6,2.01
39.8561699990717,-120.3316,2014-09-06,No,0.0,33.6,5.3,0.00249,265.4,280.1,301.4,2.9,66.0,4.7,7.7,85.0,8.2,5.7,2.09
39.8561699990717,-120.3316,2014-09-07,No,0.0,45.9,8.6,0.0034,261.6,279.8,301.4,3.1,66.0,4.9,7.7,84.0,8.1,5.7,1.95
39.8561699990717,-120.3316,2014-09-08,No,0.0,57.2,11.2,0.00378,257.0,277.9,299.9,4.1,73.0,5.5,7.5,83.0,8.7,5.9,1.68
39.8561699990717,-120.3316,2014-09-09,No,0.0,49.8,10.2,0.00319,257.8,277.6,298.3,4.2,75.0,5.7,7.3,83.0,8.5,5.8,1.59
39.8561699990717,-120.3316,2014-09-10,No,0.0,46.6,8.6,0.00315,256.1,278.4,300.1,3.2,68.0,5.6,7.2,84.0,8.0,5.5,1.8
39.8561699990717,-120.3316,2014-09-11,No,0.0,42.2,8.1,0.00321,252.2,280.2,301.2,2.0,57.0,5.4,7.1,85.0,6.4,4.7,1.97
39.8561699990717,-120.3316,2014-09-12,No,0.0,43.9,8.6,0.0034,246.5,280.5,301.4,2.7,64.0,5.4,7.1,86.0,7.4,5.2,1.97
39.8561699990717,-120.3316,2014-09-13,No,0.0,45.9,10.3,0.0036,238.6,280.6,300.2,3.8,73.0,5.5,7.1,85.0,8.5,5.8,1.82
39.8561699990717,-120.3316,2014-09-14,No,0.0,51.9,12.1,0.00402,243.0,280.3,300.0,3.1,65.0,5.8,7.1,84.0,7.5,5.2,1.74
39.8561699990717,-120.3316,2014-09-15,No,0.0,68.0,18.5,0.00566,225.9,281.2,300.1,4.1,69.0,6.6,7.1,80.0,7.8,5.4,1.56
39.8561699990717,-120.3316,2014-09-16,No,0.0,59.6,18.7,0.00572,236.0,283.4,300.1,4.2,71.0,6.9,7.0,81.0,8.1,5.6,1.64
39.8561699990717,-120.3316,2014-09-17,No,0.0,45.0,14.2,0.00406,228.2,282.7,298.1,5.3,82.0,6.6,7.0,82.0,9.1,6.1,1.63
39.8561699990717,-120.3316,2014-09-18,No,0.0,74.2,25.4,0.00503,230.6,278.1,293.7,5.4,76.0,7.7,7.1,77.0,6.7,4.6,0.97
39.8561699990717,-120.3316,2014-09-19,No,0.0,89.9,23.7,0.00595,230.7,277.7,297.4,4.5,67.0,9.4,7.4,73.0,6.9,4.8,1.14
39.8561699990717,-120.3316,2014-09-20,No,0.0,69.9,17.6,0.0054,222.7,280.0,300.0,3.9,64.0,9.2,7.5,74.0,7.5,5.2,1.54
39.8561699990717,-120.3316,2014-09-21,No,0.3,93.6,40.1,0.00692,145.1,279.3,292.3,2.6,44.0,11.2,8.0,63.0,3.5,2.6,0.64
39.8561699990717,-120.3316,2014-09-22,No,0.0,100.0,29.8,0.00747,220.1,278.3,297.9,3.8,54.0,12.9,8.3,63.0,5.7,4.1,0.99
34.0745399991241,-117.99891,2018-06-09,No,0.0,80.8,28.5,0.00885,332.3,288.7,302.8,2.4,41.0,10.3,11.0,57.0,7.6,6.1,1.54
34.0745399991241,-117.99891,2018-06-10,No,0.0,75.2,26.4,0.0084,333.6,289.1,302.9,2.6,43.0,9.9,11.0,58.0,8.0,6.3,1.65
34.0745399991241,-117.99891,2018-06-11,No,0.0,74.3,22.1,0.00819,331.2,288.9,304.8,2.4,43.0,9.5,10.9,60.0,8.3,6.5,1.91
34.0745399991241,-117.99891,2018-06-12,No,0.0,78.8,23.2,0.00878,332.7,289.0,305.4,2.4,43.0,9.3,10.7,61.0,8.3,6.5,1.91
34.0745399991241,-117.99891,2018-06-13,No,0.0,78.4,23.6,0.00878,335.0,289.1,305.2,2.5,45.0,9.2,10.6,61.0,8.4,6.6,1.88
34.0745399991241,-117.99891,2018-06-14,No,0.0,75.8,18.2,0.00853,331.5,289.2,308.0,3.0,50.0,8.9,10.5,63.0,9.9,7.4,2.34
34.0745399991241,-117.99891,2018-06-15,No,0.0,82.3,30.5,0.00979,305.6,290.0,303.6,3.1,46.0,9.5,10.5,59.0,8.0,6.2,1.56
34.0745399991241,-117.99891,2018-06-16,No,0.0,82.6,53.4,0.00977,314.2,289.9,295.7,3.2,43.0,10.9,10.6,54.0,5.9,4.9,0.75
34.0745399991241,-117.99891,2018-06-17,No,0.0,80.4,53.9,0.00937,275.8,289.7,294.9,2.8,38.0,11.7,10.8,51.0,5.3,4.5,0.73
34.0745399991241,-117.99891,2018-06-18,No,0.0,85.4,40.1,0.00869,335.5,287.5,297.8,2.3,38.0,12.0,10.9,54.0,6.2,5.3,0.97
34.0745399991241,-117.99891,2018-06-19,No,0.0,87.5,34.6,0.00909,335.6,287.8,300.6,2.0,37.0,12.1,11.0,54.0,6.6,5.6,1.2
34.0745399991241,-117.99891,2018-06-20,No,0.0,84.0,27.2,0.00916,335.8,288.6,304.0,2.2,39.0,11.3,10.9,56.0,7.6,6.2,1.63
34.0745399991241,-117.99891,2018-06-21,No,0.0,74.8,31.0,0.00947,335.6,291.1,302.8,2.1,39.0,10.7,10.9,57.0,7.4,6.1,1.59
34.0745399991241,-117.99891,2018-06-22,No,0.0,72.1,27.2,0.00894,336.8,290.8,303.6,2.0,39.0,10.0,10.8,59.0,7.5,6.2,1.75
34.0745399991241,-117.99891,2018-06-23,No,0.0,78.5,43.6,0.00973,333.8,290.7,298.5,2.8,42.0,10.4,10.8,55.0,6.8,5.6,1.05
34.0745399991241,-117.99891,2018-06-24,No,0.0,81.6,39.7,0.00971,333.8,290.0,299.8,3.1,44.0,10.7,10.8,56.0,7.2,5.8,1.14
34.0745399991241,-117.99891,2018-06-25,No,0.0,75.6,28.7,0.00889,338.1,289.9,302.8,2.3,41.0,10.4,10.7,58.0,7.6,6.2,1.61
34.0745399991241,-117.99891,2018-06-26,No,0.0,74.4,26.8,0.0089,336.4,290.2,303.7,2.3,42.0,10.0,10.6,59.0,7.9,6.3,1.73
34.0745399991241,-117.99891,2018-06-27,No,0.0,69.7,24.3,0.0081,339.4,289.8,303.4,1.9,40.0,9.5,10.5,61.0,7.5,6.1,1.8
34.0745399991241,-117.99891,2018-06-28,No,0.0,65.3,27.6,0.00814,333.9,291.0,301.8,2.9,47.0,9.1,10.5,61.0,8.3,6.5,1.68
34.0745399991241,-117.99891,2018-06-29,No,0.0,71.8,38.3,0.00936,333.4,291.6,299.7,2.6,43.0,9.5,10.5,59.0,7.2,5.9,1.29
34.0745399991241,-117.99891,2018-06-30,No,0.0,78.6,37.7,0.00975,332.7,290.7,300.6,2.2,40.0,10.0,10.5,58.0,6.8,5.7,1.26
34.0745399991241,-117.99891,2018-07-01,No,0.0,75.2,34.3,0.00956,347.0,291.2,301.7,2.2,40.0,10.1,10.4,59.0,7.3,6.1,1.45
34.0745399991241,-117.99891,2018-07-02,No,0.0,73.5,35.7,0.00956,349.4,291.6,301.1,2.4,42.0,10.1,10.4,59.0,7.5,6.2,1.41
34.0745399991241,-117.99891,2018-07-03,No,0.0,80.8,41.2,0.01046,344.7,291.4,300.6,2.9,43.0,10.7,10.5,56.0,7.3,6.0,1.2
34.0745399991241,-117.99891,2018-07-04,No,0.0,80.8,31.4,0.00989,347.4,290.5,303.5,2.4,42.0,10.7,10.5,58.0,7.8,6.4,1.57
34.0745399991241,-117.99891,2018-07-05,No,0.0,68.6,16.9,0.00819,330.3,290.3,308.4,1.7,41.0,9.7,10.4,62.0,8.1,6.5,2.52
34.0745399991241,-117.99891,2018-07-06,No,0.0,47.8,4.1,0.00687,270.5,293.9,318.8,1.8,47.0,7.9,10.1,69.0,9.9,7.3,5.12
34.0745399991241,-117.99891,2018-07-07,No,0.0,56.9,15.6,0.01062,279.4,297.9,314.1,2.6,50.0,7.3,9.9,68.0,10.4,7.7,3.75
34.0745399991241,-117.99891,2018-07-08,No,0.0,68.5,24.5,0.01182,334.4,296.3,310.1,2.2,46.0,7.5,9.8,67.0,9.1,7.3,2.66
34.0745399991241,-117.99891,2018-07-09,No,0.0,66.3,25.4,0.01154,250.0,296.5,309.2,1.9,42.0,7.6,9.7,66.0,7.5,5.9,2.57
34.0745399991241,-117.99891,2018-07-10,No,0.0,74.2,32.4,0.01184,268.8,294.9,306.2,2.0,42.0,8.2,9.6,64.0,7.0,5.7,1.92
34.0745399991241,-117.99891,2018-07-11,No,0.0,78.7,31.5,0.01245,329.7,294.7,307.5,2.6,47.0,8.8,9.6,64.0,8.6,6.9,2.0
34.0745399991241,-117.99891,2018-07-12,No,0.0,81.6,33.6,0.01263,316.7,294.3,306.8,2.5,45.0,9.4,9.7,63.0,8.1,6.5,1.84
34.0745399991241,-117.99891,2018-07-13,No,0.0,83.9,35.3,0.01255,332.0,293.7,306.0,2.3,42.0,10.1,9.8,61.0,7.8,6.5,1.69
34.0745399991241,-117.99891,2018-07-14,No,0.0,83.7,34.7,0.01244,331.5,293.6,306.1,2.4,43.0,10.5,9.9,60.0,7.9,6.5,1.71
34.0745399991241,-117.99891,2018-07-15,No,0.0,84.1,36.1,0.01258,331.1,293.7,305.7,2.5,43.0,10.9,10.0,59.0,7.9,6.5,1.64
34.0745399991241,-117.99891,2018-07-16,No,0.0,82.8,36.1,0.01222,330.6,293.5,305.2,2.3,41.0,11.0,10.0,59.0,7.6,6.3,1.62
34.0745399991241,-117.99891,2018-07-17,No,0.0,81.8,38.7,0.01237,330.1,293.9,304.4,2.5,42.0,11.2,10.1,58.0,7.6,6.3,1.51
34.0745399991241,-117.99891,2018-07-18,No,0.0,86.2,39.7,0.01331,315.0,294.2,305.3,2.5,41.0,11.6,10.2,56.0,7.5,6.2,1.5
34.0745399991241,-117.99891,2018-07-19,No,0.0,91.8,43.6,0.01407,327.5,294.0,304.9,2.5,40.0,12.3,10.4,54.0,7.3,6.1,1.31
34.0745399991241,-117.99891,2018-07-20,No,0.0,94.0,46.5,0.01381,326.6,293.3,303.6,2.9,40.0,13.0,10.6,52.0,7.1,6.0,1.13
34.0745399991241,-117.99891,2018-07-21,No,0.0,91.1,40.8,0.01337,319.9,293.3,305.0,2.5,39.0,13.2,10.8,52.0,7.3,6.1,1.39
34.0745399991241,-117.99891,2018-07-22,No,0.0,85.1,31.4,0.01221,316.2,293.0,307.2,2.3,39.0,12.7,10.8,54.0,7.9,6.4,1.87
34.0745399991241,-117.99891,2018-07-23,No,0.0,75.6,22.9,0.0113,318.6,293.8,310.2,2.0,40.0,11.4,10.7,58.0,8.5,6.8,2.56
34.0745399991241,-117.99891,2018-07-24,No,0.0,73.8,23.5,0.0117,330.3,294.8,310.5,2.2,42.0,10.4,10.6,59.0,9.0,7.1,2.62
34.0745399991241,-117.99891,2018-07-25,No,0.0,75.1,25.6,0.01163,326.0,294.4,309.2,2.1,41.0,9.9,10.5,60.0,8.4,6.8,2.38
34.0745399991241,-117.99891,2018-07-26,No,0.0,76.0,32.3,0.01136,330.8,293.8,305.5,2.3,41.0,9.9,10.5,59.0,7.9,6.4,1.82
34.0745399991241,-117.99891,2018-07-27,No,0.0,78.6,28.1,0.01156,330.8,293.5,307.8,2.1,41.0,9.9,10.5,60.0,8.1,6.6,2.1
34.0745399991241,-117.99891,2018-07-28,No,0.0,78.7,34.8,0.01165,329.6,293.6,304.9,2.6,43.0,10.2,10.4,58.0,7.9,6.4,1.67
34.0745399991241,-117.99891,2018-07-29,No,0.0,84.1,26.9,0.01235,323.8,293.4,309.6,2.3,42.0,10.3,10.4,60.0,8.5,6.8,2.25
34.0745399991241,-117.99891,2018-07-30,No,0.0,76.7,29.4,0.01234,307.0,295.0,308.3,1.9,39.0,10.1,10.4,59.0,7.7,6.3,2.17
34.0745399991241,-117.99891,2018-07-31,No,0.0,75.7,27.7,0.01209,319.2,294.9,308.8,2.1,41.0,9.9,10.4,60.0,8.2,6.6,2.28
34.0745399991241,-117.99891,2018-08-01,No,0.0,74.8,28.0,0.01224,318.2,295.6,308.9,2.0,41.0,9.8,10.4,60.0,8.1,6.6,2.33
34.0745399991241,-117.99891,2018-08-02,No,0.0,78.4,32.1,0.01212,314.0,294.6,306.8,2.3,42.0,10.0,10.4,59.0,7.9,6.4,1.94
34.0745399991241,-117.99891,2018-08-03,No,0.0,76.5,27.0,0.01132,323.3,293.9,308.0,1.9,40.0,9.9,10.3,61.0,7.8,6.4,2.2
34.0745399991241,-117.99891,2018-08-04,No,0.0,74.4,25.7,0.01058,328.0,293.3,307.5,2.2,43.0,9.7,10.2,61.0,8.3,6.6,2.2
34.0745399991241,-117.99891,2018-08-05,No,0.0,70.7,24.6,0.01,328.7,293.3,307.1,2.5,45.0,9.4,10.2,63.0,8.7,6.8,2.23
34.0745399991241,-117.99891,2018-08-06,No,0.0,63.3,15.5,0.00885,328.6,293.3,310.9,2.0,45.0,8.6,10.0,66.0,9.0,7.0,3.04
34.0745399991241,-117.99891,2018-08-07,No,0.0,65.2,17.6,0.00955,324.9,294.0,310.7,2.1,46.0,8.2,9.9,67.0,9.0,7.0,2.94
34.0745399991241,-117.99891,2018-08-08,Yes,0.0,65.0,21.2,0.01005,323.2,294.9,309.2,2.1,45.0,8.0,9.8,66.0,8.6,6.8,2.68
34.0745399991241,-117.99891,2018-08-09,Yes,0.0,64.4,18.0,0.01019,286.1,295.3,311.6,2.5,49.0,7.8,9.7,68.0,9.4,7.1,3.11
34.0745399991241,-117.99891,2018-08-10,Yes,0.0,77.0,31.0,0.01256,312.0,295.5,307.9,2.7,47.0,8.6,9.7,64.0,8.5,6.7,2.11
34.0745399991241,-117.99891,2018-08-11,Yes,0.0,84.5,36.7,0.01332,311.8,294.8,306.5,2.3,42.0,9.7,9.7,61.0,7.5,6.2,1.72
34.0745399991241,-117.99891,2018-08-12,Yes,0.0,90.4,38.7,0.01315,313.5,293.4,305.5,2.9,45.0,10.9,9.9,59.0,7.6,6.2,1.5
34.0745399991241,-117.99891,2018-08-13,Yes,0.0,86.4,35.9,0.012,310.1,292.7,305.0,2.5,42.0,11.5,10.1,58.0,7.4,6.0,1.57
34.0745399991241,-117.99891,2018-08-14,Yes,0.0,86.6,38.8,0.01203,309.4,292.7,303.9,2.6,41.0,12.0,10.2,56.0,7.1,5.8,1.42
34.0745399991241,-117.99891,2018-08-15,Yes,0.0,84.9,38.3,0.01252,308.5,293.7,304.8,2.6,41.0,12.2,10.4,55.0,7.3,6.0,1.53
34.0745399991241,-117.99891,2018-08-16,Yes,0.0,86.7,42.6,0.01369,297.9,294.8,304.8,2.4,38.0,12.7,10.6,53.0,6.9,5.7,1.42
34.0745399991241,-117.99891,2018-08-17,Yes,0.0,91.9,43.4,0.01448,302.8,294.7,305.5,2.6,39.0,13.2,10.8,52.0,7.1,5.8,1.38
34.0745399991241,-117.99891,2018-08-18,Yes,0.0,91.7,42.3,0.01393,305.1,294.1,305.2,2.1,36.0,13.6,10.9,51.0,6.7,5.6,1.38
34.0745399991241,-117.99891,2018-08-19,Yes,0.0,85.0,36.8,0.01268,305.5,293.9,305.6,1.8,35.0,13.3,11.0,52.0,6.7,5.6,1.63
34.0745399991241,-117.99891,2018-08-20,Yes,0.0,81.7,42.2,0.01269,295.2,294.6,303.6,2.3,37.0,13.1,11.1,51.0,6.7,5.5,1.41
34.0745399991241,-117.99891,2018-08-21,Yes,0.0,74.7,37.4,0.01165,304.8,294.8,303.9,2.3,38.0,12.3,11.1,53.0,7.1,5.8,1.64
34.0745399991241,-117.99891,2018-08-22,Yes,0.0,74.7,32.1,0.01076,302.5,293.5,304.7,2.4,39.0,11.7,11.1,54.0,7.4,5.9,1.79
35.8630859991039,-120.814287,2017-07-08,No,0.0,65.7,8.8,0.00735,351.1,289.1,315.3,3.6,56.0,7.8,10.7,65.0,14.1,9.9,3.9
35.8630859991039,-120.814287,2017-07-09,No,0.0,70.6,10.2,0.00759,349.8,288.4,314.2,2.9,51.0,7.5,10.4,67.0,12.1,8.8,3.58
35.8630859991039,-120.814287,2017-07-10,No,0.0,97.5,16.7,0.01012,348.3,287.5,313.3,3.5,53.0,8.9,10.4,63.0,12.1,8.8,2.94
35.8630859991039,-120.814287,2017-07-11,No,0.0,100.0,19.0,0.01013,349.5,286.0,311.5,3.6,51.0,10.2,10.6,61.0,11.4,8.4,2.52
35.8630859991039,-120.814287,2017-07-12,No,0.0,98.7,14.9,0.00816,351.5,284.0,310.8,3.1,48.0,10.9,10.7,60.0,11.0,8.1,2.62
35.8630859991039,-120.814287,2017-07-13,No,0.0,92.3,15.3,0.00833,348.9,285.4,310.9,3.6,51.0,11.0,10.7,59.0,11.8,8.5,2.67
35.8630859991039,-120.814287,2017-07-14,No,0.0,97.9,14.5,0.00842,351.4,284.6,311.8,2.8,46.0,11.3,10.8,59.0,10.8,8.1,2.78
35.8630859991039,-120.814287,2017-07-15,No,0.0,72.3,11.0,0.00642,350.0,285.4,310.2,3.4,52.0,10.0,10.7,62.0,11.9,8.5,2.85
35.8630859991039,-120.814287,2017-07-16,No,0.0,65.3,8.9,0.0072,343.1,288.9,314.8,2.2,45.0,8.8,10.5,65.0,10.7,8.0,3.8
35.8630859991039,-120.814287,2017-07-17,No,0.0,83.8,14.4,0.00873,350.1,287.7,312.5,2.9,49.0,8.9,10.4,64.0,11.2,8.3,3.02
35.8630859991039,-120.814287,2017-07-18,No,0.0,69.6,11.9,0.00633,350.8,285.8,309.0,2.9,50.0,8.4,10.2,66.0,10.7,7.8,2.69
35.8630859991039,-120.814287,2017-07-19,No,0.0,64.9,10.0,0.00542,354.5,284.6,308.2,2.6,49.0,7.8,10.0,68.0,10.2,7.5,2.65
35.8630859991039,-120.814287,2017-07-20,No,0.0,70.6,14.1,0.00626,358.1,285.4,306.8,3.3,54.0,7.7,9.9,67.0,10.7,7.8,2.34
35.8630859991039,-120.814287,2017-07-21,No,0.0,73.9,14.1,0.00653,354.6,285.3,307.5,3.2,53.0,7.8,9.8,68.0,10.6,7.8,2.39
35.8630859991039,-120.814287,2017-07-22,No,0.0,88.2,10.9,0.00744,349.1,284.4,313.0,2.7,50.0,8.5,9.8,67.0,11.3,8.3,3.16
35.8630859991039,-120.814287,2017-07-23,No,0.0,100.0,17.1,0.00966,339.8,286.0,312.1,4.0,56.0,10.0,10.0,63.0,12.3,8.8,2.71
35.8630859991039,-120.814287,2017-07-24,No,0.0,100.0,30.2,0.01042,342.4,284.6,305.4,4.1,51.0,11.4,10.1,58.0,8.9,6.8,1.43
35.8630859991039,-120.814287,2017-07-25,No,0.0,100.0,27.9,0.01026,339.2,285.7,306.3,3.8,49.0,12.3,10.3,57.0,9.2,7.0,1.64
35.8630859991039,-120.814287,2017-07-26,No,0.0,100.0,20.4,0.01016,339.3,286.8,310.6,3.0,45.0,12.7,10.5,57.0,10.1,7.6,2.39
35.8630859991039,-120.814287,2017-07-27,No,0.0,90.2,16.9,0.00932,342.1,287.5,311.6,2.2,41.0,12.1,10.5,58.0,9.4,7.3,2.74
35.8630859991039,-120.814287,2017-07-28,No,0.0,90.5,14.9,0.00871,342.2,286.4,312.0,2.9,46.0,11.7,10.6,59.0,10.9,8.0,2.86
35.8630859991039,-120.814287,2017-07-29,No,0.0,95.7,18.0,0.0086,345.9,285.3,309.3,3.2,47.0,11.9,10.7,58.0,10.4,7.7,2.35
35.8630859991039,-120.814287,2017-07-30,No,0.0,93.8,16.1,0.00865,344.3,285.7,310.9,2.7,44.0,11.9,10.8,58.0,10.2,7.6,2.63
35.8630859991039,-120.814287,2017-07-31,No,0.0,76.5,10.6,0.00728,340.4,286.4,313.0,2.5,45.0,10.7,10.6,61.0,10.8,7.9,3.28
35.8630859991039,-120.814287,2017-08-01,No,0.0,70.4,6.8,0.00645,324.9,286.0,315.2,3.2,53.0,9.2,10.4,65.0,13.1,9.1,3.85
35.8630859991039,-120.814287,2017-08-02,No,0.0,67.5,19.3,0.01052,298.4,294.5,311.8,2.7,46.0,8.6,10.2,64.0,9.9,7.4,3.04
35.8630859991039,-120.814287,2017-08-03,No,0.0,78.6,33.4,0.01153,284.3,293.3,305.6,2.1,39.0,9.1,10.2,60.0,7.1,5.7,1.79
35.8630859991039,-120.814287,2017-08-04,No,0.0,86.0,21.5,0.01136,312.2,291.5,311.7,3.8,53.0,9.6,10.2,62.0,11.2,8.2,2.67
35.8630859991039,-120.814287,2017-08-05,No,0.0,100.0,24.8,0.01131,316.0,288.3,309.6,4.1,52.0,11.0,10.4,59.0,10.4,7.7,2.12
35.8630859991039,-120.814287,2017-08-06,No,0.0,100.0,25.5,0.01105,318.1,287.0,308.8,3.6,48.0,12.0,10.6,57.0,9.6,7.2,1.96
35.8630859991039,-120.814287,2017-08-07,No,0.0,84.1,16.8,0.00807,321.9,286.5,308.9,2.6,44.0,11.4,10.5,59.0,9.3,7.0,2.42
35.8630859991039,-120.814287,2017-08-08,No,0.0,100.0,21.0,0.00954,319.0,286.0,308.9,2.9,44.0,12.2,10.7,57.0,9.2,6.9,2.16
35.8630859991039,-120.814287,2017-08-09,No,0.0,100.0,24.6,0.01034,318.1,287.3,308.1,3.3,45.0,12.8,10.9,54.0,9.2,7.0,1.97
35.8630859991039,-120.814287,2017-08-10,No,0.0,92.5,20.6,0.00941,321.1,287.3,308.9,2.5,41.0,12.6,11.0,55.0,8.8,6.7,2.25
35.8630859991039,-120.814287,2017-08-11,No,0.0,79.5,14.3,0.00775,321.4,286.8,310.2,2.2,41.0,11.4,10.9,58.0,9.0,6.8,2.71
35.8630859991039,-120.814287,2017-08-12,No,0.0,82.0,15.4,0.00756,320.5,285.9,308.8,2.9,46.0,10.8,10.9,59.0,9.8,7.2,2.46
35.8630859991039,-120.814287,2017-08-13,No,0.0,93.6,19.4,0.00837,319.9,285.3,307.6,3.0,45.0,11.4,10.9,57.0,9.2,6.9,2.11
35.8630859991039,-120.814287,2017-08-14,No,0.0,100.0,38.8,0.01084,310.8,287.3,302.3,4.4,48.0,12.8,11.1,52.0,7.5,5.8,1.1
35.8630859991039,-120.814287,2017-08-15,No,0.0,100.0,40.1,0.01026,311.7,286.2,300.9,3.9,44.0,13.8,11.3,50.0,6.8,5.4,0.98
35.8630859991039,-120.814287,2017-08-16,No,0.0,98.9,30.3,0.0101,310.0,287.3,304.7,3.3,42.0,14.1,11.5,50.0,8.0,6.1,1.52
35.8630859991039,-120.814287,2017-08-17,No,0.0,100.0,25.7,0.0107,306.1,286.5,308.1,2.5,38.0,14.3,11.7,50.0,7.9,6.2,1.87
35.8630859991039,-120.814287,2017-08-18,No,0.0,100.0,25.8,0.01087,304.2,287.3,308.3,2.4,37.0,14.4,11.9,49.0,7.9,6.2,1.92
35.8630859991039,-120.814287,2017-08-19,No,0.0,100.0,26.6,0.01087,304.4,286.8,307.9,4.3,47.0,14.5,12.0,49.0,9.7,7.1,1.83
35.8630859991039,-120.814287,2017-08-20,No,0.0,100.0,38.0,0.01154,300.5,286.5,303.7,4.2,44.0,14.9,12.2,46.0,7.3,5.7,1.12
35.8630859991039,-120.814287,2017-08-21,No,0.0,100.0,36.6,0.01151,302.2,287.8,304.2,3.7,41.0,15.1,12.4,46.0,7.5,5.8,1.26
35.8630859991039,-120.814287,2017-08-22,No,0.0,100.0,22.9,0.0109,304.2,286.8,310.1,3.3,42.0,14.9,12.4,48.0,9.5,7.0,2.19
35.8630859991039,-120.814287,2017-08-23,No,0.0,100.0,32.5,0.01107,301.8,287.3,305.3,3.2,39.0,15.0,12.6,46.0,7.6,5.9,1.45
35.8630859991039,-120.814287,2017-08-24,No,0.0,100.0,31.2,0.0104,299.8,286.9,304.8,2.5,35.0,15.1,12.7,45.0,7.0,5.5,1.47
35.8630859991039,-120.814287,2017-08-25,No,0.0,86.5,15.0,0.00832,297.6,286.5,310.9,2.9,41.0,13.9,12.7,49.0,9.9,7.2,2.73
35.8630859991039,-120.814287,2017-08-26,No,0.0,93.4,12.2,0.00897,297.8,286.4,314.9,2.8,42.0,12.9,12.7,51.0,10.9,7.8,3.4
35.8630859991039,-120.814287,2017-08-27,No,0.0,93.9,12.6,0.00974,295.3,287.6,316.0,3.2,45.0,12.4,12.6,52.0,11.9,8.4,3.59
35.8630859991039,-120.814287,2017-08-28,No,0.0,84.0,11.1,0.00916,293.4,288.5,316.4,2.2,40.0,11.7,12.4,54.0,10.0,7.3,3.82
35.8630859991039,-120.814287,2017-08-29,No,0.0,81.0,13.3,0.00876,286.3,288.4,313.4,3.1,46.0,11.1,12.3,55.0,10.9,7.7,3.23
35.8630859991039,-120.814287,2017-08-30,No,0.0,63.7,12.1,0.00679,289.1,288.5,309.9,3.3,49.0,9.8,12.0,58.0,10.7,7.5,2.9
35.8630859991039,-120.814287,2017-08-31,No,0.0,58.1,5.7,0.0058,289.9,287.6,314.8,2.9,49.0,8.5,11.7,62.0,11.7,8.1,3.95
35.8630859991039,-120.814287,2017-09-01,No,0.0,56.0,8.1,0.00757,274.7,292.1,316.0,1.7,41.0,7.6,11.5,63.0,8.6,6.3,4.21
35.8630859991039,-120.814287,2017-09-02,No,0.0,72.1,9.9,0.00945,278.0,291.3,318.1,2.6,48.0,7.5,11.3,64.0,11.1,7.8,4.35
35.8630859991039,-120.814287,2017-09-03,No,0.0,74.9,22.5,0.01213,258.4,294.7,312.1,5.3,61.0,8.1,11.1,61.0,12.5,8.6,2.86
35.8630859991039,-120.814287,2017-09-04,No,0.0,90.1,44.8,0.01354,245.4,293.3,303.9,4.6,50.0,10.2,11.2,53.0,7.2,5.4,1.24
35.8630859991039,-120.814287,2017-09-05,No,0.0,100.0,45.0,0.01481,272.0,290.3,305.4,5.0,51.0,12.3,11.4,51.0,7.0,5.4,1.03
35.8630859991039,-120.814287,2017-09-06,No,0.0,100.0,34.8,0.01257,274.7,289.6,306.4,3.5,43.0,13.4,11.6,50.0,7.5,5.7,1.49
35.8630859991039,-120.814287,2017-09-07,No,0.0,99.1,37.5,0.01188,272.5,289.6,304.3,2.7,37.0,14.3,11.9,48.0,6.4,5.1,1.31
35.8630859991039,-120.814287,2017-09-08,No,0.0,100.0,38.0,0.01174,271.5,289.2,303.9,4.1,44.0,14.9,12.2,46.0,7.3,5.5,1.26
35.8630859991039,-120.814287,2017-09-09,No,0.0,98.0,29.9,0.01067,269.4,288.1,305.7,2.1,34.0,15.2,12.4,46.0,6.4,5.0,1.61
35.8630859991039,-120.814287,2017-09-10,No,0.0,91.5,19.0,0.00938,266.1,287.2,309.7,1.7,33.0,14.3,12.4,49.0,6.8,5.3,2.38
35.8630859991039,-120.814287,2017-09-11,No,1.4,92.6,29.8,0.01171,225.0,290.5,307.4,5.5,0.0,14.6,12.6,33.0,9.6,6.6,1.83
35.8630859991039,-120.814287,2017-09-12,No,0.0,100.0,40.0,0.01279,263.6,289.4,304.6,4.4,44.0,15.2,12.8,44.0,7.1,5.4,1.19
35.8630859991039,-120.814287,2017-09-13,No,0.0,100.0,45.3,0.01155,264.3,286.9,301.0,3.0,35.0,15.8,13.0,42.0,5.3,4.3,0.82
35.8630859991039,-120.814287,2017-09-14,No,0.0,100.0,47.2,0.01095,261.5,285.6,299.5,4.0,39.0,16.3,13.2,40.0,5.2,4.1,0.69
35.8630859991039,-120.814287,2017-09-15,No,0.0,85.1,21.1,0.00613,267.1,281.9,300.9,3.6,42.0,14.9,13.2,45.0,7.6,5.4,1.46
35.8630859991039,-120.814287,2017-09-16,No,0.0,100.0,26.4,0.00801,259.9,280.5,302.5,2.3,34.0,15.2,13.4,44.0,5.8,4.5,1.29
35.8630859991039,-120.814287,2017-09-17,No,0.0,100.0,29.2,0.00859,260.0,283.9,302.3,2.6,35.0,15.5,13.5,43.0,6.1,4.6,1.3
35.8630859991039,-120.814287,2017-09-18,No,0.0,100.0,29.9,0.00846,254.4,283.4,301.7,3.0,36.0,15.7,13.6,42.0,6.2,4.6,1.23
35.8630859991039,-120.814287,2017-09-19,No,0.0,80.0,28.3,0.00706,256.3,285.0,299.4,4.3,44.0,14.4,13.5,44.0,7.3,5.2,1.28
35.8630859991039,-120.814287,2017-09-20,No,0.0,100.0,31.2,0.00842,249.5,283.3,301.0,4.3,43.0,15.1,13.6,43.0,6.9,4.9,1.16
34.5723799991181,-118.00486,2022-04-22,No,0.0,75.0,38.5,0.00478,293.4,279.3,288.3,5.8,66.0,9.7,8.7,64.0,5.7,4.2,0.62
34.5723799991181,-118.00486,2022-04-23,No,0.0,62.2,15.7,0.00362,327.6,278.2,295.6,5.3,72.0,8.9,8.7,70.0,9.0,6.3,1.26
34.5723799991181,-118.00486,2022-04-24,No,0.0,47.6,10.0,0.00284,333.3,279.0,296.8,5.3,77.0,7.8,8.5,74.0,10.1,6.9,1.5
34.5723799991181,-118.00486,2022-04-25,No,0.0,39.2,5.4,0.00263,331.3,281.1,301.6,3.8,70.0,6.7,8.3,78.0,10.4,7.3,2.09
34.5723799991181,-118.00486,2022-04-26,No,0.0,38.5,8.4,0.00333,235.0,285.0,301.4,3.7,68.0,6.0,8.1,79.0,9.5,6.5,2.12
34.5723799991181,-118.00486,2022-04-27,No,0.0,57.0,19.5,0.00483,330.4,283.9,297.6,4.9,73.0,6.3,8.1,77.0,9.3,6.7,1.46
34.5723799991181,-118.00486,2022-04-28,No,0.0,47.3,16.6,0.00332,339.2,281.4,293.5,5.0,76.0,6.3,8.0,78.0,8.7,6.2,1.25
34.5723799991181,-118.00486,2022-04-29,No,0.0,49.4,8.2,0.00315,340.1,279.9,300.7,5.5,86.0,6.0,7.8,81.0,11.8,8.0,1.87
34.5723799991181,-118.00486,2022-04-30,No,0.0,44.0,6.2,0.00308,341.5,281.5,303.0,3.6,72.0,5.6,7.7,83.0,10.6,7.4,2.2
34.5723799991181,-118.00486,2022-05-01,No,0.0,58.3,16.4,0.00445,335.4,282.5,298.8,4.0,70.0,6.0,7.6,80.0,9.1,6.6,1.57
34.5723799991181,-118.00486,2022-05-02,No,0.0,65.9,16.0,0.0048,336.2,281.6,300.4,4.0,69.0,6.4,7.6,79.0,9.4,6.8,1.65
34.5723799991181,-118.00486,2022-05-03,No,0.0,61.3,15.5,0.00465,339.7,282.3,300.3,3.8,68.0,6.6,7.6,79.0,9.3,6.8,1.69
34.5723799991181,-118.00486,2022-05-04,No,0.0,45.1,8.8,0.00344,339.8,283.0,302.1,3.5,69.0,6.1,7.5,82.0,10.1,7.2,2.1
34.5723799991181,-118.00486,2022-05-05,No,0.0,34.1,8.0,0.00331,345.5,287.5,302.4,3.7,73.0,5.4,7.3,85.0,10.8,7.7,2.37
34.5723799991181,-118.00486,2022-05-06,No,0.0,44.3,13.0,0.00485,331.6,288.6,303.3,4.0,73.0,5.4,7.2,84.0,10.9,7.7,2.3
34.5723799991181,-118.00486,2022-05-07,No,0.0,52.3,18.4,0.00523,338.2,286.8,300.0,5.7,85.0,5.8,7.2,82.0,11.1,7.8,1.77
34.5723799991181,-118.00486,2022-05-08,No,0.0,65.1,21.9,0.00392,341.9,278.8,293.0,6.9,91.0,6.5,7.2,80.0,8.8,6.2,1.03
34.5723799991181,-118.00486,2022-05-09,No,0.0,50.0,15.5,0.00276,342.2,278.0,291.8,4.9,78.0,6.4,7.1,81.0,8.2,5.8,1.1
34.5723799991181,-118.00486,2022-05-10,No,0.0,52.6,16.6,0.00284,335.3,277.6,291.4,4.5,74.0,6.5,7.1,81.0,7.7,5.5,1.05
34.5723799991181,-118.00486,2022-05-11,No,0.0,46.0,16.0,0.00226,354.3,276.5,288.3,4.9,77.0,6.4,7.1,81.0,7.4,5.3,0.91
34.5723799991181,-118.00486,2022-05-12,No,0.0,49.1,8.0,0.00254,348.4,277.1,298.0,5.0,84.0,6.0,7.0,85.0,10.5,7.3,1.6
34.5723799991181,-118.00486,2022-05-13,No,0.0,46.0,7.2,0.00318,350.9,281.5,302.9,4.3,80.0,5.6,6.9,86.0,11.6,8.1,2.18
34.5723799991181,-118.00486,2022-05-14,No,0.0,54.5,8.7,0.00433,340.7,283.2,306.2,2.9,66.0,5.6,6.8,86.0,10.2,7.4,2.5
34.5723799991181,-118.00486,2022-05-15,No,0.0,46.5,11.9,0.00506,292.0,288.4,305.1,2.9,64.0,5.5,6.7,85.0,9.5,6.9,2.49
34.5723799991181,-118.00486,2022-05-16,No,0.0,45.4,12.3,0.00487,345.8,288.2,304.1,4.2,77.0,5.5,6.6,86.0,11.5,8.2,2.38
34.5723799991181,-118.00486,2022-05-17,No,0.0,39.4,11.2,0.00415,349.0,288.3,302.5,3.5,72.0,5.3,6.6,87.0,10.4,7.6,2.29
34.5723799991181,-118.00486,2022-05-18,No,0.0,42.1,8.2,0.00466,346.8,288.9,308.2,3.5,74.0,5.0,6.5,89.0,11.9,8.5,3.03
34.5723799991181,-118.00486,2022-05-19,No,0.0,57.2,13.3,0.00597,345.3,287.3,306.6,5.0,85.0,5.4,6.4,87.0,12.9,9.0,2.51
34.5723799991181,-118.00486,2022-05-20,No,0.0,74.1,31.1,0.00693,345.0,285.2,297.4,8.2,98.0,6.7,6.6,80.0,10.0,7.1,1.19
34.5723799991181,-118.00486,2022-05-21,No,0.0,53.6,17.6,0.00472,351.3,284.8,298.9,3.3,65.0,6.6,6.6,83.0,8.8,6.6,1.64
34.5723799991181,-118.00486,2022-05-22,No,0.0,46.4,11.6,0.00422,351.6,285.6,302.3,3.2,67.0,6.2,6.5,85.0,9.8,7.2,2.12
34.5723799991181,-118.00486,2022-05-23,No,0.0,43.7,10.1,0.00462,347.6,288.1,305.6,3.4,71.0,5.8,6.4,87.0,11.0,7.9,2.61
34.5723799991181,-118.00486,2022-05-24,No,0.0,45.3,8.2,0.00476,348.5,287.9,308.6,2.8,67.0,5.5,6.4,89.0,10.8,7.9,3.03
34.5723799991181,-118.00486,2022-05-25,No,0.0,45.2,7.8,0.005,345.0,288.7,310.0,3.1,71.0,5.2,6.3,90.0,11.7,8.4,3.27
34.5723799991181,-118.00486,2022-05-26,No,0.0,49.9,12.6,0.00578,345.3,289.2,306.8,5.4,89.0,5.3,6.3,88.0,13.8,9.5,2.67
34.5723799991181,-118.00486,2022-05-27,No,0.0,50.2,16.4,0.0055,347.6,288.3,302.4,6.0,92.0,5.6,6.2,87.0,12.6,8.8,2.08
34.5723799991181,-118.00486,2022-05-28,No,0.0,58.7,25.1,0.0058,327.9,286.4,297.5,6.4,89.0,6.2,6.3,84.0,10.2,7.2,1.42
34.5723799991181,-118.00486,2022-05-29,No,0.0,51.1,20.0,0.0048,356.9,285.9,297.5,6.0,88.0,6.3,6.3,84.0,10.7,7.6,1.55
34.5723799991181,-118.00486,2022-05-30,No,0.0,43.0,15.0,0.00399,355.9,286.1,298.2,4.3,77.0,6.0,6.2,86.0,10.1,7.3,1.74
34.5723799991181,-118.00486,2022-05-31,No,0.0,45.0,10.4,0.00364,362.1,283.9,301.1,2.7,65.0,5.8,6.2,88.0,9.0,6.8,1.99
34.5723799991181,-118.00486,2022-06-01,No,0.0,43.4,7.0,0.00341,357.0,283.8,304.9,4.1,81.0,5.3,6.2,90.0,12.1,8.5,2.49
34.5723799991181,-118.00486,2022-06-02,No,0.0,44.3,10.3,0.00447,341.0,287.6,305.1,3.5,73.0,5.2,6.1,90.0,11.0,7.9,2.54
34.5723799991181,-118.00486,2022-06-03,No,0.0,49.1,15.7,0.00545,335.5,288.8,303.1,4.4,79.0,5.4,6.1,88.0,11.2,8.0,2.2
34.5723799991181,-118.00486,2022-06-04,No,0.0,48.8,18.3,0.00548,345.0,289.0,301.1,4.6,79.0,5.6,6.0,87.0,10.9,7.8,1.97
34.5723799991181,-118.00486,2022-06-05,No,0.0,56.2,20.7,0.00699,339.7,290.3,303.6,4.9,81.0,6.0,6.0,86.0,11.5,8.2,2.12
34.5723799991181,-118.00486,2022-06-06,No,0.0,61.1,19.7,0.00749,350.5,289.9,305.5,3.9,72.0,6.2,6.1,86.0,10.9,8.0,2.27
34.5723799991181,-118.00486,2022-06-07,No,0.0,50.3,9.9,0.00539,355.5,288.2,308.9,3.0,68.0,6.0,6.1,88.0,11.2,8.2,3.0
34.5723799991181,-118.00486,2022-06-08,No,0.0,48.5,9.0,0.00524,357.4,288.4,309.6,3.0,69.0,5.6,6.1,89.0,11.5,8.4,3.15
34.5723799991181,-118.00486,2022-06-09,No,0.0,57.6,12.5,0.00679,349.5,289.4,310.1,3.8,75.0,5.7,6.1,89.0,12.5,9.0,3.06
34.5723799991181,-118.00486,2022-06-10,No,0.0,45.4,9.7,0.0059,351.4,291.5,310.8,3.4,73.0,5.4,6.0,90.0,12.4,8.9,3.44
34.5723799991181,-118.00486,2022-06-11,No,0.0,41.1,11.5,0.00631,349.8,294.5,309.9,5.2,90.0,5.2,5.9,91.0,15.1,10.4,3.44
34.5723799991181,-118.00486,2022-06-12,No,0.0,53.0,17.0,0.00697,352.0,291.3,306.3,6.6,98.0,5.5,5.9,89.0,14.6,10.0,2.55
34.5723799991181,-118.00486,2022-06-13,No,0.0,68.1,25.3,0.00809,357.0,289.2,303.2,5.8,86.0,6.3,6.0,85.0,11.5,8.3,1.84
34.5723799991181,-118.00486,2022-06-14,No,0.0,45.2,7.9,0.00408,359.1,285.8,306.6,5.0,89.0,5.8,5.9,90.0,13.9,9.6,2.72
34.5723799991181,-118.00486,2022-06-15,No,0.0,40.1,6.0,0.0039,358.2,287.3,308.8,3.4,76.0,5.2,5.9,92.0,12.3,8.7,3.16
34.5723799991181,-118.00486,2022-06-16,No,0.0,51.8,10.2,0.00576,353.7,288.7,309.7,5.0,88.0,5.3,5.8,91.0,14.6,10.1,3.1
34.5723799991181,-118.00486,2022-06-17,No,0.0,54.2,14.3,0.00475,343.7,284.9,302.0,7.6,108.0,5.5,5.9,89.0,13.7,9.3,1.97
34.5723799991181,-118.00486,2022-06-18,No,0.0,51.7,16.4,0.00424,361.2,284.0,298.3,5.3,86.0,5.8,5.9,88.0,10.7,7.6,1.62
34.5723799991181,-118.00486,2022-06-19,No,0.0,44.3,9.0,0.00352,363.4,283.9,302.6,3.0,70.0,5.4,5.8,91.0,9.9,7.3,2.18
34.5723799991181,-118.00486,2022-06-20,No,0.0,39.1,4.7,0.00311,363.5,284.3,307.1,4.2,86.0,4.9,5.7,94.0,13.3,9.2,2.87
34.5723799991181,-118.00486,2022-06-21,No,1.0,35.8,5.3,0.00357,358.3,288.1,308.5,4.4,0.0,4.9,5.7,71.0,14.0,9.7,3.2
34.5723799991181,-118.00486,2022-06-22,No,6.8,52.7,27.6,0.00638,269.5,290.0,297.9,3.4,0.0,7.8,6.5,60.0,7.9,5.9,1.57
34.5723799991181,-118.00486,2022-06-23,No,0.0,57.1,16.5,0.00695,351.7,289.9,306.7,3.9,71.0,7.3,6.5,82.0,11.5,8.4,2.52
34.5723799991181,-118.00486,2022-06-24,No,0.0,44.6,13.4,0.00645,351.4,293.3,308.2,4.3,77.0,6.6,6.5,85.0,13.0,9.3,3.05
34.5723799991181,-118.00486,2022-06-25,No,0.0,39.1,10.7,0.00593,355.3,294.5,309.7,4.1,77.0,6.0,6.4,87.0,13.5,9.5,3.47
34.5723799991181,-118.00486,2022-06-26,No,0.0,29.6,5.2,0.00404,361.2,293.9,310.9,3.1,72.0,5.1,6.3,91.0,12.4,8.9,3.91
34.5723799991181,-118.00486,2022-06-27,No,0.0,32.5,6.3,0.00464,352.4,294.2,311.5,3.0,72.0,4.6,6.2,92.0,12.2,8.8,3.95
34.5723799991181,-118.00486,2022-06-28,No,0.0,36.6,9.9,0.00589,345.8,295.7,310.5,4.0,80.0,4.4,6.1,91.0,13.6,9.6,3.71
34.5723799991181,-118.00486,2022-06-29,No,0.0,37.9,13.1,0.00625,346.4,296.0,308.0,5.1,89.0,4.5,5.9,92.0,14.4,10.0,3.26
34.5723799991181,-118.00486,2022-06-30,No,0.0,41.5,15.7,0.00654,347.2,294.9,306.3,5.1,88.0,4.7,5.8,91.0,13.6,9.5,2.88
34.5723799991181,-118.00486,2022-07-01,No,0.0,30.2,10.8,0.00457,346.8,293.8,305.9,4.8,88.0,4.5,5.8,92.0,13.7,9.5,3.03
34.5723799991181,-118.00486,2022-07-02,No,0.0,30.9,9.6,0.00395,351.6,291.0,304.9,4.8,89.0,4.3,5.7,94.0,13.3,9.2,2.79
34.5723799991181,-118.00486,2022-07-03,No,0.0,34.4,11.7,0.00404,355.2,289.4,302.7,4.5,85.0,4.3,5.7,93.0,12.1,8.5,2.4
34.5723799991181,-118.00486,2022-07-04,No,0.0,47.8,18.2,0.00583,345.2,289.4,302.9,3.8,74.0,4.8,5.7,90.0,10.5,7.7,2.15
34.5723799991181,-118.00486,2022-07-05,No,0.0,57.8,25.5,0.00802,341.8,291.2,303.4,4.6,77.0,5.6,5.8,87.0,10.8,7.9,2.0
38.4133869990813,-120.669027,2018-04-19,No,0.0,81.2,39.6,0.00493,295.0,277.0,290.1,2.6,20.0,16.2,21.7,21.0,4.6,3.7,0.62
38.4133869990813,-120.669027,2018-04-20,No,0.0,70.3,34.9,0.0059,299.8,281.6,294.9,2.3,21.0,14.3,21.1,25.0,5.5,4.4,0.96
38.4133869990813,-120.669027,2018-04-21,No,0.0,77.5,40.3,0.00784,296.5,284.5,297.3,1.2,18.0,13.4,20.6,26.0,4.9,4.3,0.99
38.4133869990813,-120.669027,2018-04-22,No,0.0,70.3,36.3,0.00809,300.1,286.4,299.5,0.9,18.0,12.3,20.1,29.0,5.0,4.4,1.25
38.4133869990813,-120.669027,2018-04-23,No,0.0,61.6,32.2,0.00729,295.4,286.7,299.7,2.0,23.0,11.1,19.5,32.0,6.3,5.0,1.41
38.4133869990813,-120.669027,2018-04-24,No,0.0,62.3,33.2,0.00791,303.5,287.8,300.6,2.2,24.0,10.5,19.1,33.0,6.7,5.3,1.47
38.4133869990813,-120.669027,2018-04-25,No,0.0,67.4,33.1,0.00763,304.8,286.1,300.0,2.2,25.0,10.2,18.5,35.0,6.5,5.2,1.36
38.4133869990813,-120.669027,2018-04-26,No,0.0,100.0,38.3,0.00764,297.6,279.1,297.7,2.8,26.0,12.0,18.3,33.0,5.7,4.6,0.85
38.4133869990813,-120.669027,2018-04-27,No,0.0,100.0,55.5,0.00685,298.0,278.8,290.1,3.3,26.0,13.8,18.3,29.0,4.1,3.5,0.38
38.4133869990813,-120.669027,2018-04-28,No,0.0,97.0,57.1,0.00652,288.1,278.6,288.9,2.8,23.0,14.6,18.1,28.0,3.8,3.3,0.35
38.4133869990813,-120.669027,2018-04-29,No,0.0,97.1,56.1,0.00653,212.4,278.6,289.2,2.4,21.0,15.4,18.1,26.0,3.3,2.8,0.37
38.4133869990813,-120.669027,2018-04-30,No,0.6,92.7,52.7,0.00642,285.3,279.0,289.9,2.4,0.0,15.4,18.0,19.0,4.0,3.5,0.44
38.4133869990813,-120.669027,2018-05-01,No,1.4,82.9,39.0,0.00644,298.7,280.4,294.5,2.7,25.0,14.2,17.8,31.0,5.5,4.4,0.8
38.4133869990813,-120.669027,2018-05-02,No,0.0,89.8,43.7,0.00723,330.2,281.0,294.6,1.9,22.0,14.0,17.6,32.0,5.1,4.4,0.71
38.4133869990813,-120.669027,2018-05-03,No,0.0,76.4,41.2,0.0075,331.3,283.8,296.1,1.5,22.0,13.1,17.2,34.0,5.4,4.7,0.9
38.4133869990813,-120.669027,2018-05-04,No,0.0,69.4,34.7,0.00798,331.5,286.1,299.9,1.6,24.0,11.9,16.8,37.0,6.1,5.2,1.29
38.4133869990813,-120.669027,2018-05-05,No,0.0,76.4,38.0,0.00817,285.0,285.1,298.8,3.0,29.0,11.6,16.5,37.0,6.5,5.1,1.11
38.4133869990813,-120.669027,2018-05-06,No,0.0,78.5,38.2,0.00749,321.3,283.4,297.3,3.3,32.0,11.3,16.2,39.0,6.6,5.2,0.99
38.4133869990813,-120.669027,2018-05-07,No,0.0,64.5,31.5,0.00741,343.4,286.0,300.2,1.4,26.0,10.5,15.8,42.0,6.2,5.3,1.41
38.4133869990813,-120.669027,2018-05-08,No,0.0,69.1,32.4,0.00826,322.6,286.7,301.6,1.6,27.0,10.0,15.5,43.0,6.4,5.4,1.47
38.4133869990813,-120.669027,2018-05-09,No,0.0,85.1,43.8,0.00897,332.9,285.0,298.1,2.3,29.0,10.8,15.4,41.0,6.0,5.1,0.91
38.4133869990813,-120.669027,2018-05-10,No,0.0,75.2,38.0,0.00816,334.2,285.3,298.8,1.4,26.0,10.7,15.1,42.0,5.8,5.0,1.12
38.4133869990813,-120.669027,2018-05-11,No,0.0,70.6,38.3,0.0072,339.7,284.3,296.6,4.0,39.0,10.4,14.8,43.0,7.2,5.6,1.01
38.4133869990813,-120.669027,2018-05-12,No,0.0,64.0,31.7,0.00624,315.7,283.5,297.2,2.8,35.0,9.9,14.5,46.0,6.8,5.3,1.18
38.4133869990813,-120.669027,2018-05-13,No,0.0,83.3,44.2,0.00797,312.7,283.5,296.0,2.4,31.0,10.6,14.4,43.0,5.6,4.7,0.81
38.4133869990813,-120.669027,2018-05-14,No,0.3,89.4,46.4,0.0084,340.9,283.3,296.1,1.9,29.0,11.5,14.3,43.0,5.5,4.8,0.75
38.4133869990813,-120.669027,2018-05-15,No,0.0,100.0,50.4,0.00894,338.4,280.3,295.8,1.9,27.0,13.2,14.5,40.0,4.9,4.5,0.52
38.4133869990813,-120.669027,2018-05-16,No,3.1,100.0,65.8,0.00838,256.8,280.1,290.6,1.9,25.0,14.7,14.6,35.0,3.3,3.1,0.22
38.4133869990813,-120.669027,2018-05-17,No,0.0,96.8,51.5,0.00858,323.7,282.5,294.8,2.3,28.0,15.1,14.6,37.0,5.1,4.4,0.58
38.4133869990813,-120.669027,2018-05-18,No,0.0,99.1,48.7,0.00995,339.9,284.4,298.1,2.6,29.0,15.2,14.7,37.0,5.9,5.1,0.74
38.4133869990813,-120.669027,2018-05-19,No,0.0,100.0,47.5,0.00942,341.7,283.3,297.6,1.9,26.0,15.5,14.8,37.0,5.6,4.9,0.72
38.4133869990813,-120.669027,2018-05-20,No,0.0,94.3,49.6,0.00849,324.4,282.7,295.2,2.4,28.0,15.3,14.8,36.0,5.3,4.6,0.63
38.4133869990813,-120.669027,2018-05-21,No,0.8,100.0,50.1,0.00934,332.3,283.3,296.6,2.1,26.0,15.7,14.9,36.0,5.4,4.7,0.64
38.4133869990813,-120.669027,2018-05-22,No,0.0,90.5,50.6,0.01008,331.4,285.9,297.7,2.3,27.0,15.1,14.9,36.0,5.8,5.0,0.75
38.4133869990813,-120.669027,2018-05-23,No,0.0,94.0,51.6,0.00972,344.3,284.8,296.8,2.4,28.0,15.2,14.8,36.0,5.7,5.0,0.67
38.4133869990813,-120.669027,2018-05-24,No,1.8,100.0,50.2,0.00924,341.3,281.2,296.4,2.7,29.0,15.6,14.9,36.0,5.4,4.7,0.56
38.4133869990813,-120.669027,2018-05-25,No,4.3,100.0,95.2,0.00882,189.5,280.5,285.8,2.7,18.0,18.5,15.3,21.0,1.8,1.9,0.0
38.4133869990813,-120.669027,2018-05-26,No,0.0,100.0,61.2,0.00842,203.5,280.8,291.8,1.9,22.0,18.1,15.5,29.0,3.1,2.8,0.32
38.4133869990813,-120.669027,2018-05-27,No,0.0,94.9,42.7,0.00925,350.0,283.9,299.0,2.8,28.0,16.7,15.4,34.0,6.5,5.5,0.91
38.4133869990813,-120.669027,2018-05-28,No,0.0,67.3,31.5,0.00916,354.0,288.7,303.8,2.5,30.0,14.3,15.1,39.0,8.2,6.6,1.7
38.4133869990813,-120.669027,2018-05-29,No,0.0,65.9,29.3,0.00958,351.4,289.7,305.8,2.5,32.0,12.4,14.9,42.0,8.6,6.9,1.96
38.4133869990813,-120.669027,2018-05-30,No,0.0,100.0,37.1,0.00784,348.6,279.8,298.5,4.3,38.0,13.2,14.9,40.0,7.2,5.6,0.92
38.4133869990813,-120.669027,2018-05-31,No,0.0,89.7,41.6,0.00648,360.9,279.4,293.6,4.1,37.0,13.1,14.7,40.0,6.2,5.0,0.69
38.4133869990813,-120.669027,2018-06-01,No,0.0,80.5,31.3,0.00716,352.1,282.5,299.5,2.4,32.0,12.2,14.4,43.0,7.0,5.7,1.22
38.4133869990813,-120.669027,2018-06-02,No,0.0,57.3,23.9,0.00788,349.7,288.8,305.5,1.5,30.0,10.5,14.0,48.0,7.5,6.2,2.13
38.4133869990813,-120.669027,2018-06-03,No,0.0,54.2,24.4,0.00927,346.3,292.2,308.0,2.6,37.0,9.4,13.7,50.0,9.5,7.4,2.5
38.4133869990813,-120.669027,2018-06-04,No,0.0,63.0,25.1,0.00801,351.8,287.7,305.0,2.3,36.0,8.9,13.5,51.0,8.4,6.7,1.98
38.4133869990813,-120.669027,2018-06-05,No,0.0,48.1,22.9,0.00602,337.7,287.1,301.5,3.5,45.0,8.3,13.3,53.0,9.3,7.0,1.82
38.4133869990813,-120.669027,2018-06-06,No,0.0,68.8,34.1,0.00749,350.3,285.4,298.9,3.8,45.0,8.6,13.0,52.0,8.1,6.3,1.23
38.4133869990813,-120.669027,2018-06-07,No,0.0,74.1,36.4,0.00835,352.0,286.0,299.7,2.5,37.0,9.1,12.8,52.0,7.1,5.9,1.21
38.4133869990813,-120.669027,2018-06-08,No,0.0,66.2,28.0,0.00742,353.9,285.8,301.9,2.1,37.0,8.8,12.5,54.0,7.5,6.1,1.58
38.4133869990813,-120.669027,2018-06-09,No,0.0,89.6,44.5,0.00814,343.1,282.9,296.1,4.1,44.0,10.4,12.5,50.0,6.5,5.2,0.77
38.4133869990813,-120.669027,2018-06-10,No,0.0,63.3,28.4,0.006,353.0,283.2,298.1,3.1,42.0,9.8,12.4,53.0,7.7,6.0,1.29
38.4133869990813,-120.669027,2018-06-11,No,0.0,65.3,28.3,0.00782,342.7,286.8,302.6,3.1,43.0,9.3,12.2,55.0,8.6,6.7,1.66
38.4133869990813,-120.669027,2018-06-12,No,0.0,55.2,24.5,0.00869,351.0,290.9,306.8,1.6,36.0,8.5,12.0,57.0,7.9,6.6,2.32
38.4133869990813,-120.669027,2018-06-13,No,0.0,56.1,23.9,0.00899,352.1,291.2,307.8,2.4,42.0,8.1,11.8,59.0,9.3,7.3,2.44
38.4133869990813,-120.669027,2018-06-14,No,0.0,53.0,25.8,0.00847,352.3,291.1,305.5,3.7,51.0,7.8,11.5,60.0,10.5,7.8,2.18
38.4133869990813,-120.669027,2018-06-15,No,0.0,71.2,31.6,0.00897,351.2,287.7,303.2,4.7,56.0,8.3,11.3,59.0,9.9,7.4,1.6
38.4133869990813,-120.669027,2018-06-16,No,0.0,100.0,38.6,0.00925,349.4,282.3,300.5,4.2,49.0,10.4,11.4,54.0,7.6,6.0,1.0
38.4133869990813,-120.669027,2018-06-17,No,0.0,100.0,47.9,0.00896,298.2,281.6,296.5,2.9,38.0,12.2,11.6,49.0,5.3,4.4,0.63
38.4133869990813,-120.669027,2018-06-18,No,0.0,88.3,37.2,0.00904,350.5,284.7,300.7,3.1,41.0,12.1,11.7,51.0,7.4,6.0,1.15
38.4133869990813,-120.669027,2018-06-19,No,0.0,65.1,30.9,0.0092,343.1,289.4,304.0,1.7,35.0,10.8,11.6,54.0,7.3,6.1,1.76
38.4133869990813,-120.669027,2018-06-20,No,0.0,61.4,30.3,0.00928,347.8,290.4,304.5,2.7,42.0,10.0,11.5,56.0,8.7,6.9,1.87
38.4133869990813,-120.669027,2018-06-21,No,0.0,46.6,20.4,0.00708,360.4,290.1,306.2,2.3,43.0,8.8,11.2,60.0,9.2,7.2,2.42
38.4133869990813,-120.669027,2018-06-22,No,0.0,44.7,18.8,0.00759,359.5,291.8,308.7,1.9,42.0,7.8,11.0,63.0,9.0,7.2,2.84
38.4133869990813,-120.669027,2018-06-23,No,0.0,43.5,20.3,0.00812,354.0,293.3,308.7,2.9,50.0,7.1,10.6,65.0,10.6,8.0,2.86
38.4133869990813,-120.669027,2018-06-24,No,0.0,57.0,22.1,0.00845,353.1,290.0,308.0,2.5,48.0,7.1,10.4,66.0,9.5,7.4,2.48
38.4133869990813,-120.669027,2018-06-25,No,0.0,63.5,31.3,0.00958,349.8,290.4,304.5,1.9,41.0,7.5,10.2,64.0,7.7,6.4,1.83
38.4133869990813,-120.669027,2018-06-26,No,0.0,47.1,22.4,0.00761,355.0,291.1,305.9,2.7,49.0,7.1,10.1,67.0,9.6,7.4,2.36
38.4133869990813,-120.669027,2018-06-27,No,0.0,43.9,18.8,0.00623,354.1,288.9,305.2,3.6,58.0,6.7,9.9,69.0,10.8,8.0,2.34
38.4133869990813,-120.669027,2018-06-28,No,0.0,55.1,27.8,0.00736,353.0,288.3,301.9,3.0,51.0,6.9,9.8,67.0,8.7,6.8,1.72
38.4133869990813,-120.669027,2018-06-29,No,0.0,60.2,27.3,0.00856,349.9,289.4,304.8,2.5,48.0,7.1,9.7,68.0,8.6,6.8,1.96
38.4133869990813,-120.669027,2018-06-30,No,0.0,44.6,21.6,0.00841,353.7,293.5,308.3,2.2,48.0,6.7,9.5,70.0,9.3,7.4,2.77
38.4133869990813,-120.669027,2018-07-01,No,0.0,50.4,20.6,0.00844,365.8,293.1,308.4,2.5,51.0,6.6,9.3,72.0,10.0,7.7,2.75
38.4133869990813,-120.669027,2018-07-02,No,0.0,61.4,26.2,0.0094,362.7,291.7,306.5,2.4,49.0,6.9,9.1,70.0,9.0,7.2,2.22
38.8300669990783,-115.3185,2018-05-22,No,2.0,84.5,32.5,0.00452,284.8,273.9,287.9,2.3,43.0,10.7,9.1,62.0,4.5,3.8,0.58
38.8300669990783,-115.3185,2018-05-23,No,0.7,74.5,26.9,0.00497,218.6,277.1,292.0,3.6,52.0,10.3,9.2,62.0,5.6,4.2,0.86
38.8300669990783,-115.3185,2018-05-24,No,0.0,64.6,17.8,0.00447,333.1,277.7,296.0,5.0,67.0,9.3,9.1,67.0,8.8,6.4,1.24
38.8300669990783,-115.3185,2018-05-25,No,1.0,59.2,16.8,0.00362,336.2,276.0,293.4,7.2,85.0,8.5,8.9,70.0,9.3,6.5,1.1
38.8300669990783,-115.3185,2018-05-26,No,1.4,63.1,18.6,0.00353,322.5,274.7,291.6,2.9,54.0,8.1,8.8,70.0,6.3,4.9,0.95
38.8300669990783,-115.3185,2018-05-27,No,0.5,92.6,33.3,0.005,304.9,274.0,289.1,4.0,56.0,9.5,9.0,64.0,5.3,4.2,0.59
38.8300669990783,-115.3185,2018-05-28,No,0.5,89.5,34.8,0.00605,312.9,277.2,291.5,5.4,64.0,10.3,9.1,63.0,6.3,4.8,0.68
38.8300669990783,-115.3185,2018-05-29,No,0.0,95.7,23.8,0.00592,333.1,275.9,296.6,2.3,45.0,10.7,9.2,64.0,6.4,5.2,1.06
38.8300669990783,-115.3185,2018-05-30,No,0.0,63.5,18.5,0.0049,307.2,279.3,297.0,5.7,70.0,9.6,9.2,66.0,9.3,6.6,1.32
38.8300669990783,-115.3185,2018-05-31,No,0.0,64.1,16.9,0.0038,339.1,275.5,294.1,8.4,91.0,8.9,9.2,68.0,9.9,6.9,1.12
38.8300669990783,-115.3185,2018-06-01,No,0.0,79.7,14.7,0.00336,339.5,270.8,294.4,3.7,59.0,8.7,9.1,69.0,7.6,5.6,1.09
38.8300669990783,-115.3185,2018-06-02,No,0.0,68.7,10.6,0.0033,342.7,272.7,298.5,3.6,62.0,7.9,9.0,72.0,8.9,6.5,1.49
38.8300669990783,-115.3185,2018-06-03,No,0.0,56.4,8.4,0.00309,339.4,274.7,300.3,3.6,65.0,7.0,8.8,75.0,9.6,6.9,1.75
38.8300669990783,-115.3185,2018-06-04,No,0.0,46.4,7.5,0.00305,337.3,277.5,301.5,4.6,75.0,6.2,8.5,78.0,11.2,7.9,1.96
38.8300669990783,-115.3185,2018-06-05,No,0.0,40.8,9.8,0.00358,334.5,281.9,300.8,4.3,73.0,5.8,8.3,79.0,10.6,7.6,1.96
38.8300669990783,-115.3185,2018-06-06,No,0.0,52.5,11.5,0.00358,335.5,277.9,298.7,5.8,85.0,5.8,8.2,79.0,10.9,7.6,1.61
38.8300669990783,-115.3185,2018-06-07,No,0.0,47.2,10.1,0.00319,330.5,277.9,298.5,4.8,78.0,5.6,8.1,80.0,10.2,7.2,1.64
38.8300669990783,-115.3185,2018-06-08,No,0.0,52.8,9.3,0.00318,339.0,276.1,299.5,3.0,64.0,5.4,7.9,82.0,8.7,6.5,1.69
38.8300669990783,-115.3185,2018-06-09,No,0.0,42.8,8.7,0.00314,338.2,279.2,300.1,8.0,108.0,5.2,7.8,83.0,13.5,9.1,1.85
38.8300669990783,-115.3185,2018-06-10,No,0.0,54.8,14.1,0.00304,340.6,274.9,293.4,3.9,70.0,5.5,7.7,81.0,7.8,5.8,1.15
38.8300669990783,-115.3185,2018-06-11,No,0.0,65.1,9.3,0.00323,340.1,273.2,299.7,2.8,63.0,5.6,7.6,83.0,8.4,6.3,1.63
38.8300669990783,-115.3185,2018-06-12,No,0.0,72.6,11.7,0.00424,334.5,275.4,301.4,3.4,67.0,5.8,7.5,82.0,9.3,6.8,1.74
38.8300669990783,-115.3185,2018-06-13,No,0.0,46.5,9.0,0.0038,338.0,280.7,303.0,5.0,83.0,5.5,7.4,84.0,12.0,8.4,2.14
38.8300669990783,-115.3185,2018-06-14,No,0.0,33.6,6.0,0.00273,342.9,281.1,302.2,4.6,84.0,4.7,7.2,87.0,11.7,8.2,2.2
38.8300669990783,-115.3185,2018-06-15,No,0.0,28.0,8.2,0.00301,338.3,285.7,300.1,7.4,108.0,4.4,7.0,88.0,13.8,9.4,2.12
38.8300669990783,-115.3185,2018-06-16,No,0.0,64.3,13.4,0.00392,337.2,276.1,298.2,6.0,91.0,5.0,7.0,85.0,10.5,7.4,1.47
38.8300669990783,-115.3185,2018-06-17,No,0.0,86.2,22.1,0.00476,296.6,274.5,294.4,8.8,103.0,6.7,7.1,79.0,9.0,6.3,0.99
38.8300669990783,-115.3185,2018-06-18,No,0.0,96.0,20.6,0.00455,337.2,272.3,294.7,3.7,63.0,8.3,7.3,76.0,7.2,5.5,0.99
38.8300669990783,-115.3185,2018-06-19,No,0.0,77.3,19.4,0.005,336.7,276.8,297.1,3.1,59.0,8.5,7.3,76.0,7.6,5.8,1.24
38.8300669990783,-115.3185,2018-06-20,No,0.0,67.0,12.0,0.00461,339.3,277.8,302.4,2.8,59.0,7.9,7.3,79.0,8.9,6.7,1.87
38.8300669990783,-115.3185,2018-06-21,No,0.0,30.4,4.1,0.00239,339.6,280.8,303.9,4.0,76.0,6.4,7.2,84.0,11.6,8.2,2.44
38.8300669990783,-115.3185,2018-06-22,No,0.0,60.0,10.0,0.0038,338.2,276.7,301.6,3.5,69.0,6.2,7.2,83.0,9.7,7.1,1.85
38.8300669990783,-115.3185,2018-06-23,No,0.0,55.9,9.3,0.00367,338.7,277.3,301.9,4.5,79.0,5.9,7.1,84.0,11.0,7.8,1.92
38.8300669990783,-115.3185,2018-06-24,No,0.0,62.6,9.5,0.00355,343.7,275.1,301.1,3.1,67.0,5.8,7.0,85.0,9.2,6.8,1.79
38.8300669990783,-115.3185,2018-06-25,No,0.0,38.6,6.9,0.00341,340.3,282.1,304.4,3.3,72.0,5.1,6.7,88.0,10.5,7.6,2.42
38.8300669990783,-115.3185,2018-06-26,No,0.0,37.9,6.0,0.00323,339.7,281.6,305.2,4.0,80.0,4.8,6.6,90.0,11.8,8.3,2.53
38.8300669990783,-115.3185,2018-06-27,No,0.0,34.3,5.4,0.00282,342.2,281.2,304.0,4.5,87.0,4.3,6.4,92.0,12.2,8.5,2.41
38.8300669990783,-115.3185,2018-06-28,No,0.0,31.3,5.4,0.00246,341.8,280.7,301.6,5.1,93.0,4.0,6.4,92.0,12.2,8.4,2.15
38.8300669990783,-115.3185,2018-06-29,No,0.0,60.2,12.0,0.00381,334.9,276.7,299.2,3.1,69.0,4.6,6.3,89.0,8.5,6.4,1.59
38.8300669990783,-115.3185,2018-06-30,No,0.0,59.4,14.5,0.00456,335.4,279.5,299.6,3.8,73.0,5.2,6.3,87.0,9.2,6.8,1.62
38.8300669990783,-115.3185,2018-07-01,No,0.0,52.7,11.6,0.00445,343.6,281.3,301.4,2.4,62.0,5.2,6.2,89.0,8.3,6.4,1.89
38.8300669990783,-115.3185,2018-07-02,No,0.0,46.1,10.9,0.00459,338.6,284.0,302.7,3.7,75.0,5.0,6.1,90.0,10.3,7.5,2.13
38.8300669990783,-115.3185,2018-07-03,No,0.0,50.4,13.6,0.005,337.3,283.8,301.3,4.5,81.0,5.3,6.1,89.0,10.5,7.6,1.91
38.8300669990783,-115.3185,2018-07-04,No,0.0,44.7,10.7,0.00407,344.2,282.7,300.9,6.9,104.0,5.2,6.1,90.0,12.9,8.9,1.94
38.8300669990783,-115.3185,2018-07-05,No,0.0,35.1,7.2,0.00336,342.6,283.9,302.4,5.4,94.0,4.9,6.0,92.0,12.6,8.7,2.25
38.8300669990783,-115.3185,2018-07-06,No,0.0,31.4,5.0,0.00313,336.6,284.8,305.1,3.1,74.0,4.3,5.9,94.0,10.4,7.6,2.66
38.8300669990783,-115.3185,2018-07-07,No,0.0,40.8,8.4,0.00451,320.8,285.8,305.7,2.8,70.0,4.2,5.8,94.0,9.7,7.2,2.61
38.8300669990783,-115.3185,2018-07-08,No,0.0,53.9,15.8,0.00685,301.9,287.5,304.7,2.2,59.0,4.8,5.8,90.0,8.0,6.3,2.26
38.8300669990783,-115.3185,2018-07-09,No,1.7,61.3,17.1,0.00734,308.0,286.4,304.8,2.9,0.0,6.0,6.0,66.0,8.9,6.8,2.16
38.8300669990783,-115.3185,2018-07-10,No,1.3,69.4,21.4,0.00771,328.9,285.1,302.4,2.8,0.0,7.1,6.2,63.0,8.3,6.5,1.74
38.8300669990783,-115.3185,2018-07-11,No,1.9,74.1,24.9,0.00805,316.2,284.7,300.9,2.4,0.0,8.6,6.6,59.0,7.3,5.9,1.51
38.8300669990783,-115.3185,2018-07-12,No,8.6,85.9,29.6,0.00936,289.3,284.6,300.9,3.1,0.0,12.6,7.9,49.0,7.3,5.7,1.34
38.8300669990783,-115.3185,2018-07-13,No,2.3,88.2,35.0,0.01001,293.4,285.2,299.5,2.2,0.0,13.6,8.5,45.0,6.2,5.2,1.13
38.8300669990783,-115.3185,2018-07-14,No,3.8,75.7,27.1,0.00885,316.0,285.8,301.3,2.0,0.0,13.8,9.1,44.0,6.9,5.7,1.5
38.8300669990783,-115.3185,2018-07-15,No,2.2,69.1,21.4,0.00803,323.5,285.8,303.1,2.0,0.0,13.1,9.5,44.0,7.4,6.1,1.82
38.8300669990783,-115.3185,2018-07-16,No,1.6,72.9,20.6,0.00851,323.3,285.8,304.7,1.8,0.0,12.2,9.7,45.0,7.4,6.1,1.96
38.8300669990783,-115.3185,2018-07-17,No,0.0,68.8,20.5,0.0087,324.3,287.1,305.1,2.2,44.0,11.0,9.7,63.0,8.0,6.4,2.06
38.8300669990783,-115.3185,2018-07-18,No,0.0,58.7,15.9,0.00728,326.3,287.0,305.7,3.1,53.0,9.4,9.6,66.0,9.6,7.2,2.32
38.8300669990783,-115.3185,2018-07-19,No,0.8,66.7,18.1,0.00799,316.1,286.3,305.5,3.2,0.0,9.4,9.4,49.0,9.3,7.1,2.16
38.8300669990783,-115.3185,2018-07-20,No,0.5,74.3,22.3,0.00818,314.2,284.9,302.8,3.0,49.0,9.6,9.5,64.0,8.2,6.4,1.72
38.8300669990783,-115.3185,2018-07-21,No,2.0,76.3,25.4,0.00887,295.1,285.7,302.3,4.7,0.0,10.7,9.7,46.0,9.2,6.8,1.61
38.8300669990783,-115.3185,2018-07-22,No,0.0,77.6,29.2,0.00909,296.0,285.8,300.6,1.3,36.0,10.4,9.8,61.0,5.8,5.1,1.4
38.8300669990783,-115.3185,2018-07-23,No,0.0,72.5,24.4,0.00846,314.3,285.8,302.1,2.5,46.0,10.0,9.8,63.0,7.6,6.0,1.64
38.8300669990783,-115.3185,2018-07-24,No,0.0,64.3,18.9,0.00778,296.1,286.5,304.4,2.3,45.0,9.3,9.8,64.0,7.8,6.1,2.05
38.8300669990783,-115.3185,2018-07-25,No,0.0,59.2,15.4,0.00703,315.1,286.3,305.5,2.3,48.0,8.5,9.7,67.0,8.3,6.5,2.29
38.8300669990783,-115.3185,2018-07-26,No,0.0,54.1,13.5,0.00654,318.8,286.7,306.1,2.6,52.0,7.8,9.4,70.0,9.0,6.9,2.45
38.8300669990783,-115.3185,2018-07-27,No,0.0,50.1,13.2,0.00613,320.4,287.0,305.3,2.0,49.0,7.0,9.2,72.0,8.0,6.3,2.41
38.8300669990783,-115.3185,2018-07-28,No,0.0,45.9,11.5,0.0057,318.7,287.4,305.8,3.0,58.0,6.6,9.0,74.0,9.7,7.2,2.56
38.8300669990783,-115.3185,2018-07-29,No,0.0,46.3,10.6,0.00537,319.8,286.3,305.9,1.6,48.0,6.3,8.8,76.0,7.5,6.0,2.56
38.8300669990783,-115.3185,2018-07-30,No,0.0,47.6,11.2,0.0056,311.0,286.5,305.9,1.5,48.0,6.1,8.7,76.0,7.2,5.8,2.54
38.8300669990783,-115.3185,2018-07-31,No,0.0,59.7,16.0,0.00677,283.0,285.6,304.3,2.6,54.0,6.3,8.6,75.0,8.1,6.2,2.12
38.8300669990783,-115.3185,2018-08-01,No,0.0,67.4,19.6,0.00749,296.5,285.5,303.4,2.4,52.0,6.8,8.6,74.0,7.7,6.0,1.91
38.8300669990783,-115.3185,2018-08-02,No,7.0,85.4,24.9,0.00844,278.5,283.4,301.9,4.0,0.0,10.4,9.4,47.0,8.3,6.2,1.52
38.8300669990783,-115.3185,2018-08-03,No,0.0,80.2,23.1,0.00778,298.1,283.2,301.6,3.3,52.0,10.3,9.5,64.0,8.0,6.1,1.56
38.8300669990783,-115.3185,2018-08-04,No,0.0,50.2,12.7,0.00486,293.3,283.9,302.0,4.2,63.0,9.0,9.3,68.0,10.0,7.1,2.01
34.1029205291237,-118.81223297,2015-12-13,No,3.6,67.4,25.1,0.00382,109.7,278.8,290.3,3.8,0.0,11.0,9.4,47.0,4.3,2.7,0.85
34.1029205291237,-118.81223297,2015-12-14,No,0.0,81.8,50.4,0.00449,134.6,278.0,283.9,6.9,65.0,12.1,9.6,55.0,3.1,2.0,0.38
34.1029205291237,-118.81223297,2015-12-15,No,0.0,48.7,20.4,0.00253,142.6,278.2,286.5,5.1,64.0,10.6,9.6,63.0,5.1,3.1,0.81
34.1029205291237,-118.81223297,2015-12-16,No,0.0,38.2,12.1,0.002,141.8,279.0,288.3,3.6,59.0,9.1,9.4,68.0,5.0,3.0,1.02
34.1029205291237,-118.81223297,2015-12-17,No,0.0,52.9,18.5,0.00308,136.7,279.7,290.6,2.4,48.0,8.7,9.4,67.0,3.6,2.3,1.0
34.1029205291237,-118.81223297,2015-12-18,No,0.0,46.4,14.3,0.00312,134.5,282.1,293.7,1.8,45.0,8.1,9.2,70.0,3.5,2.2,1.3
34.1029205291237,-118.81223297,2015-12-19,No,4.6,71.0,30.1,0.00425,134.7,279.5,289.7,1.9,0.0,10.2,9.7,46.0,2.6,1.7,0.77
34.1029205291237,-118.81223297,2015-12-20,No,0.0,79.8,43.8,0.00475,123.7,279.3,286.6,3.9,50.0,11.2,9.8,57.0,3.0,1.9,0.51
34.1029205291237,-118.81223297,2015-12-21,No,5.8,73.8,36.3,0.00453,109.0,279.9,288.4,2.6,0.0,12.9,10.4,41.0,2.8,1.9,0.65
34.1029205291237,-118.81223297,2015-12-22,No,0.5,86.7,60.5,0.00698,79.0,283.6,288.1,4.8,47.0,14.0,10.8,46.0,2.6,1.7,0.4
34.1029205291237,-118.81223297,2015-12-23,No,0.0,88.9,46.2,0.00589,131.6,280.7,289.2,2.4,36.0,14.6,11.1,48.0,2.3,1.6,0.52
34.1029205291237,-118.81223297,2015-12-24,No,0.0,68.2,31.9,0.00387,139.3,278.8,287.6,4.6,52.0,13.2,11.2,52.0,4.1,2.6,0.68
34.1029205291237,-118.81223297,2015-12-25,No,0.0,74.1,42.7,0.00391,139.1,277.6,284.0,5.6,56.0,12.9,11.3,51.0,3.4,2.2,0.46
34.1029205291237,-118.81223297,2015-12-26,No,0.0,45.1,18.2,0.00217,143.4,277.3,285.4,6.9,72.0,11.0,11.1,58.0,5.9,3.6,0.79
34.1029205291237,-118.81223297,2015-12-27,No,0.0,37.5,10.1,0.00166,132.2,276.7,287.3,3.6,55.0,9.4,10.8,62.0,4.8,2.9,0.94
34.1029205291237,-118.81223297,2015-12-28,No,0.0,75.4,35.6,0.00364,130.7,276.3,285.2,2.6,42.0,10.2,10.7,57.0,2.5,1.7,0.52
34.1029205291237,-118.81223297,2015-12-29,No,0.0,62.7,26.6,0.00326,139.5,277.7,287.2,4.7,59.0,9.9,10.6,60.0,4.4,2.8,0.72
34.1029205291237,-118.81223297,2015-12-30,No,0.0,57.5,22.5,0.00313,141.1,278.5,288.6,1.5,39.0,9.4,10.5,62.0,2.4,1.6,0.84
34.1029205291237,-118.81223297,2015-12-31,No,0.0,56.1,21.6,0.00304,140.9,279.7,287.9,3.3,52.0,9.1,10.5,62.0,4.1,2.5,0.86
34.1029205291237,-118.81223297,2016-01-01,No,0.0,46.7,21.9,0.00278,143.8,279.8,287.4,2.7,45.0,8.6,10.1,63.0,3.7,2.3,0.7
34.1029205291237,-118.81223297,2016-01-02,No,0.0,57.0,28.0,0.00389,107.9,281.1,289.8,2.7,43.0,8.6,10.1,61.0,3.6,2.3,0.59
34.1029205291237,-118.81223297,2016-01-03,No,0.0,77.2,49.7,0.00574,91.6,282.1,288.2,6.0,56.0,10.0,10.2,54.0,3.8,2.4,0.47
34.1029205291237,-118.81223297,2016-01-04,No,1.4,76.4,42.1,0.00617,63.5,283.3,291.5,2.7,0.0,11.1,10.3,42.0,3.0,2.0,0.76
34.1029205291237,-118.81223297,2016-01-05,No,38.7,89.3,65.5,0.00588,69.7,280.3,284.6,5.1,0.0,16.0,11.7,31.0,2.1,1.4,0.35
34.1029205291237,-118.81223297,2016-01-06,No,36.5,86.4,65.3,0.00535,90.2,279.5,283.1,5.7,0.0,19.1,13.2,25.0,2.2,1.5,0.33
34.1029205291237,-118.81223297,2016-01-07,No,1.1,83.6,52.0,0.0049,94.7,278.6,285.4,6.0,0.0,18.1,13.6,26.0,3.0,2.0,0.46
34.1029205291237,-118.81223297,2016-01-08,No,0.0,72.0,38.9,0.0045,148.2,279.5,288.2,3.2,35.0,16.0,13.7,40.0,3.2,2.1,0.59
34.1029205291237,-118.81223297,2016-01-09,No,0.5,75.2,47.5,0.00481,98.2,280.3,286.3,1.9,0.0,15.2,13.9,28.0,2.0,1.4,0.36
34.1029205291237,-118.81223297,2016-01-10,No,0.0,82.0,55.7,0.00582,62.8,281.7,287.4,1.3,24.0,15.0,14.1,36.0,1.5,1.1,0.63
34.1029205291237,-118.81223297,2016-01-11,No,0.0,62.3,38.0,0.00476,143.9,282.9,289.3,2.9,34.0,13.4,14.0,42.0,3.4,2.2,0.99
34.1029205291237,-118.81223297,2016-01-12,No,0.0,50.6,19.3,0.00345,158.5,281.0,292.8,2.5,38.0,11.6,13.3,49.0,4.2,2.7,0.95
34.1029205291237,-118.81223297,2016-01-13,No,0.0,68.8,35.5,0.0047,148.6,280.7,289.9,2.2,35.0,11.2,12.9,49.0,2.9,2.0,0.74
34.1029205291237,-118.81223297,2016-01-14,No,0.0,69.3,36.6,0.0047,149.7,280.7,289.6,2.4,36.0,11.1,12.9,49.0,3.0,2.0,0.57
34.1029205291237,-118.81223297,2016-01-15,No,0.0,80.2,47.7,0.00573,92.5,281.8,289.2,2.1,31.0,11.9,13.0,44.0,2.3,1.6,0.5
34.1029205291237,-118.81223297,2016-01-16,No,0.0,81.5,44.5,0.00626,128.8,282.5,291.3,2.3,33.0,12.4,13.2,44.0,2.7,1.9,0.68
34.1029205291237,-118.81223297,2016-01-17,No,0.0,77.1,39.1,0.00612,150.6,282.9,292.7,2.2,33.0,12.3,13.2,45.0,3.1,2.1,0.72
34.1029205291237,-118.81223297,2016-01-18,No,0.3,82.4,62.2,0.00659,141.3,283.2,287.4,2.7,31.0,13.3,13.4,39.0,2.2,1.6,0.4
34.1029205291237,-118.81223297,2016-01-19,No,3.5,84.0,60.8,0.00663,60.3,283.0,287.7,1.6,0.0,14.7,13.5,29.0,1.6,1.2,0.49
34.1029205291237,-118.81223297,2016-01-20,No,0.0,70.9,41.8,0.00607,146.4,284.2,291.7,2.5,33.0,13.6,13.3,43.0,3.2,2.2,1.01
34.1029205291237,-118.81223297,2016-01-21,No,0.0,53.1,23.6,0.00461,150.8,284.4,295.0,4.0,45.0,11.8,13.1,48.0,5.9,3.8,1.13
34.1029205291237,-118.81223297,2016-01-22,No,0.0,65.6,33.1,0.00545,142.2,283.3,293.3,2.4,35.0,11.2,13.1,48.0,3.7,2.5,0.86
34.1029205291237,-118.81223297,2016-01-23,No,0.0,77.6,46.1,0.00607,123.0,283.1,290.6,3.3,37.0,11.7,13.1,44.0,3.3,2.2,0.94
34.1029205291237,-118.81223297,2016-01-24,No,0.0,57.8,29.2,0.0043,164.0,282.4,291.7,4.0,46.0,10.7,13.0,50.0,5.0,3.2,1.06
34.1029205291237,-118.81223297,2016-01-25,No,0.0,48.2,22.2,0.00384,169.2,284.2,293.4,3.5,45.0,9.7,12.8,53.0,5.4,3.4,1.32
34.1029205291237,-118.81223297,2016-01-26,No,0.0,38.9,17.7,0.00341,173.5,285.8,294.1,3.2,46.0,8.5,12.2,57.0,5.6,3.6,1.46
34.1029205291237,-118.81223297,2016-01-27,No,0.0,37.9,17.0,0.00332,162.0,285.7,294.1,3.0,46.0,7.7,11.8,59.0,5.5,3.5,1.43
34.1029205291237,-118.81223297,2016-01-28,No,0.0,39.0,14.7,0.00348,174.2,285.8,297.0,2.3,43.0,7.1,11.6,62.0,5.0,3.2,1.44
34.1029205291237,-118.81223297,2016-01-29,No,0.0,56.7,21.7,0.00496,165.5,284.8,297.7,3.9,52.0,7.4,11.5,61.0,6.4,4.1,1.19
34.1029205291237,-118.81223297,2016-01-30,No,5.8,84.0,56.4,0.0067,130.3,283.3,289.6,4.0,0.0,9.9,11.7,39.0,3.0,2.1,0.67
34.1029205291237,-118.81223297,2016-01-31,No,20.7,78.2,35.6,0.00571,77.8,280.2,285.6,7.6,0.0,11.6,12.0,37.0,6.0,3.8,0.68
